email,email2,firstname,id,lastname,profession
Ursulina.Manolo@yopmail.com,Ursulina.Manolo@gmail.com,Ursulina,100,Manolo,developer
Kellen.Wadell@yopmail.com,Kellen.Wadell@gmail.com,Kellen,101,Wadell,developer
Cassandra.Wandie@yopmail.com,Cassandra.Wandie@gmail.com,Cassandra,102,Wandie,worker
Bobbi.Saunderson@yopmail.com,Bobbi.Saunderson@gmail.com,Bobbi,103,Saunderson,doctor
Gusella.Skell@yopmail.com,Gusella.Skell@gmail.com,Gusella,104,Skell,firefighter
Jessamyn.Pierette@yopmail.com,Jessamyn.Pierette@gmail.com,Jessamyn,105,Pierette,firefighter
Eve.Alisia@yopmail.com,Eve.Alisia@gmail.com,Eve,106,Alisia,worker
Lynea.Han@yopmail.com,Lynea.Han@gmail.com,Lynea,107,Han,police officer
Frieda.Felecia@yopmail.com,Frieda.Felecia@gmail.com,Frieda,108,Felecia,firefighter
Merrie.Yate@yopmail.com,Merrie.Yate@gmail.com,Merrie,109,Yate,developer
Jsandye.Fairweather@yopmail.com,Jsandye.Fairweather@gmail.com,Jsandye,110,Fairweather,police officer
Vanessa.Garek@yopmail.com,Vanessa.Garek@gmail.com,Vanessa,111,Garek,police officer
Sara-Ann.Chick@yopmail.com,Sara-Ann.Chick@gmail.com,Sara-Ann,112,Chick,worker
Gabi.Demitria@yopmail.com,Gabi.Demitria@gmail.com,Gabi,113,Demitria,police officer
Violet.Thilda@yopmail.com,Violet.Thilda@gmail.com,Violet,114,Thilda,developer
Jsandye.Bryna@yopmail.com,Jsandye.Bryna@gmail.com,Jsandye,115,Bryna,developer
Kelly.Schroth@yopmail.com,Kelly.Schroth@gmail.com,Kelly,116,Schroth,doctor
Anica.Cosenza@yopmail.com,Anica.Cosenza@gmail.com,Anica,117,Cosenza,firefighter
Kelly.Lane@yopmail.com,Kelly.Lane@gmail.com,Kelly,118,Lane,police officer
Joane.Ciro@yopmail.com,Joane.Ciro@gmail.com,Joane,119,Ciro,doctor
Georgina.Norvol@yopmail.com,Georgina.Norvol@gmail.com,Georgina,120,Norvol,developer
Brooks.Teryn@yopmail.com,Brooks.Teryn@gmail.com,Brooks,121,Teryn,doctor
Vita.Darbie@yopmail.com,Vita.Darbie@gmail.com,Vita,122,Darbie,developer
Oona.Fancie@yopmail.com,Oona.Fancie@gmail.com,Oona,123,Fancie,firefighter
Rhoda.Crudden@yopmail.com,Rhoda.Crudden@gmail.com,Rhoda,124,Crudden,police officer
Marleah.Zina@yopmail.com,Marleah.Zina@gmail.com,Marleah,125,Zina,doctor
Pierette.Mozelle@yopmail.com,Pierette.Mozelle@gmail.com,Pierette,126,Mozelle,worker
Heida.Viddah@yopmail.com,Heida.Viddah@gmail.com,Heida,127,Viddah,police officer
Basia.Brady@yopmail.com,Basia.Brady@gmail.com,Basia,128,Brady,firefighter
Phedra.Amand@yopmail.com,Phedra.Amand@gmail.com,Phedra,129,Amand,police officer
Tiffie.Erskine@yopmail.com,Tiffie.Erskine@gmail.com,Tiffie,130,Erskine,developer
Flory.Selway@yopmail.com,Flory.Selway@gmail.com,Flory,131,Selway,doctor
Latisha.Wallis@yopmail.com,Latisha.Wallis@gmail.com,Latisha,132,Wallis,developer
Yetty.Ethban@yopmail.com,Yetty.Ethban@gmail.com,Yetty,133,Ethban,firefighter
Catrina.Koehler@yopmail.com,Catrina.Koehler@gmail.com,Catrina,134,Koehler,worker
Leontine.Briney@yopmail.com,Leontine.Briney@gmail.com,Leontine,135,Briney,police officer
Hannis.Libna@yopmail.com,Hannis.Libna@gmail.com,Hannis,136,Libna,developer
Jinny.Gaspard@yopmail.com,Jinny.Gaspard@gmail.com,Jinny,137,Gaspard,doctor
Kate.Japeth@yopmail.com,Kate.Japeth@gmail.com,Kate,138,Japeth,worker
Kathy.Rossner@yopmail.com,Kathy.Rossner@gmail.com,Kathy,139,Rossner,worker
Dione.Urania@yopmail.com,Dione.Urania@gmail.com,Dione,140,Urania,worker
Merry.Forrer@yopmail.com,Merry.Forrer@gmail.com,Merry,141,Forrer,doctor
Renae.Diogenes@yopmail.com,Renae.Diogenes@gmail.com,Renae,142,Diogenes,doctor
Latisha.Atonsah@yopmail.com,Latisha.Atonsah@gmail.com,Latisha,143,Atonsah,doctor
Aimil.Azeria@yopmail.com,Aimil.Azeria@gmail.com,Aimil,144,Azeria,developer
Iseabal.Riordan@yopmail.com,Iseabal.Riordan@gmail.com,Iseabal,145,Riordan,developer
Paule.Shields@yopmail.com,Paule.Shields@gmail.com,Paule,146,Shields,developer
Sherrie.Johanna@yopmail.com,Sherrie.Johanna@gmail.com,Sherrie,147,Johanna,police officer
Marti.Oneida@yopmail.com,Marti.Oneida@gmail.com,Marti,148,Oneida,police officer
Cindelyn.Deny@yopmail.com,Cindelyn.Deny@gmail.com,Cindelyn,149,Deny,firefighter
Hayley.Raffo@yopmail.com,Hayley.Raffo@gmail.com,Hayley,150,Raffo,police officer
Christy.Zetta@yopmail.com,Christy.Zetta@gmail.com,Christy,151,Zetta,firefighter
Carmencita.Boehike@yopmail.com,Carmencita.Boehike@gmail.com,Carmencita,152,Boehike,developer
Ana.Brandice@yopmail.com,Ana.Brandice@gmail.com,Ana,153,Brandice,firefighter
Emilia.Connelly@yopmail.com,Emilia.Connelly@gmail.com,Emilia,154,Connelly,firefighter
Rhea.Afton@yopmail.com,Rhea.Afton@gmail.com,Rhea,155,Afton,police officer
Zondra.Raffo@yopmail.com,Zondra.Raffo@gmail.com,Zondra,156,Raffo,police officer
Marguerite.Sophronia@yopmail.com,Marguerite.Sophronia@gmail.com,Marguerite,157,Sophronia,doctor
Vonny.Armanda@yopmail.com,Vonny.Armanda@gmail.com,Vonny,158,Armanda,worker
Yvonne.Alrich@yopmail.com,Yvonne.Alrich@gmail.com,Yvonne,159,Alrich,doctor
Flo.Mandler@yopmail.com,Flo.Mandler@gmail.com,Flo,160,Mandler,worker
Lulita.Matthew@yopmail.com,Lulita.Matthew@gmail.com,Lulita,161,Matthew,firefighter
Joelly.Baudin@yopmail.com,Joelly.Baudin@gmail.com,Joelly,162,Baudin,firefighter
Renie.Schenck@yopmail.com,Renie.Schenck@gmail.com,Renie,163,Schenck,doctor
Leona.Angelis@yopmail.com,Leona.Angelis@gmail.com,Leona,164,Angelis,police officer
Ida.Skell@yopmail.com,Ida.Skell@gmail.com,Ida,165,Skell,doctor
Nadine.Minetta@yopmail.com,Nadine.Minetta@gmail.com,Nadine,166,Minetta,worker
Pollyanna.Edee@yopmail.com,Pollyanna.Edee@gmail.com,Pollyanna,167,Edee,doctor
Lusa.Joseph@yopmail.com,Lusa.Joseph@gmail.com,Lusa,168,Joseph,doctor
Ada.Voletta@yopmail.com,Ada.Voletta@gmail.com,Ada,169,Voletta,firefighter
Dale.Reneta@yopmail.com,Dale.Reneta@gmail.com,Dale,170,Reneta,police officer
Codie.Gert@yopmail.com,Codie.Gert@gmail.com,Codie,171,Gert,police officer
Ilse.Wittie@yopmail.com,Ilse.Wittie@gmail.com,Ilse,172,Wittie,worker
Ricky.Ariella@yopmail.com,Ricky.Ariella@gmail.com,Ricky,173,Ariella,worker
Joane.Wind@yopmail.com,Joane.Wind@gmail.com,Joane,174,Wind,developer
Dale.Hubert@yopmail.com,Dale.Hubert@gmail.com,Dale,175,Hubert,firefighter
Millie.Medrek@yopmail.com,Millie.Medrek@gmail.com,Millie,176,Medrek,police officer
Gaylene.Sigfrid@yopmail.com,Gaylene.Sigfrid@gmail.com,Gaylene,177,Sigfrid,developer
Ginnie.Edvard@yopmail.com,Ginnie.Edvard@gmail.com,Ginnie,178,Edvard,firefighter
Leontine.Gombach@yopmail.com,Leontine.Gombach@gmail.com,Leontine,179,Gombach,police officer
Marline.Gherardo@yopmail.com,Marline.Gherardo@gmail.com,Marline,180,Gherardo,police officer
Celisse.Moina@yopmail.com,Celisse.Moina@gmail.com,Celisse,181,Moina,police officer
Nananne.Clywd@yopmail.com,Nananne.Clywd@gmail.com,Nananne,182,Clywd,developer
Nannie.Vorster@yopmail.com,Nannie.Vorster@gmail.com,Nannie,183,Vorster,developer
Sandie.Schalles@yopmail.com,Sandie.Schalles@gmail.com,Sandie,184,Schalles,police officer
Ellette.Weaks@yopmail.com,Ellette.Weaks@gmail.com,Ellette,185,Weaks,doctor
Alie.Danby@yopmail.com,Alie.Danby@gmail.com,Alie,186,Danby,firefighter
Ariela.Claudine@yopmail.com,Ariela.Claudine@gmail.com,Ariela,187,Claudine,firefighter
Noelle.Azeria@yopmail.com,Noelle.Azeria@gmail.com,Noelle,188,Azeria,police officer
Rosabelle.Olin@yopmail.com,Rosabelle.Olin@gmail.com,Rosabelle,189,Olin,doctor
Britni.Oster@yopmail.com,Britni.Oster@gmail.com,Britni,190,Oster,firefighter
Ardenia.Cloris@yopmail.com,Ardenia.Cloris@gmail.com,Ardenia,191,Cloris,developer
Magdalena.Weitman@yopmail.com,Magdalena.Weitman@gmail.com,Magdalena,192,Weitman,doctor
Bernie.Melleta@yopmail.com,Bernie.Melleta@gmail.com,Bernie,193,Melleta,doctor
Alyda.Camden@yopmail.com,Alyda.Camden@gmail.com,Alyda,194,Camden,worker
Marleah.Dawkins@yopmail.com,Marleah.Dawkins@gmail.com,Marleah,195,Dawkins,firefighter
Jere.Nerita@yopmail.com,Jere.Nerita@gmail.com,Jere,196,Nerita,police officer
Mara.Fink@yopmail.com,Mara.Fink@gmail.com,Mara,197,Fink,worker
Renae.Willie@yopmail.com,Renae.Willie@gmail.com,Renae,198,Willie,worker
Leeanne.Cadmar@yopmail.com,Leeanne.Cadmar@gmail.com,Leeanne,199,Cadmar,worker
